Sulz,Could not read weather data
Reinach,Could not read weather data
Hauterive,Could not read weather data
Wil,Could not read weather data
Röthenbach,Could not read weather data
Gurbrü,Missing weather file
Gurbrü,No weather features loaded
Sulz,Could not read weather data
Reinach,Could not read weather data
Hauterive,Could not read weather data
Wil,Could not read weather data
Röthenbach,Could not read weather data
Corcelles-près-Concise,Missing weather file
Corcelles-près-Concise,No weather features loaded
Sulz,Could not read weather data
Reinach,Could not read weather data
Hauterive,Could not read weather data
Wil,Could not read weather data
Röthenbach,Could not read weather data
Günsberg,Missing weather file
Günsberg,No weather features loaded
Eclépens,Missing weather file
Eclépens,No weather features loaded
Büron,Missing weather file
Büron,No weather features loaded
Le Glèbe,Missing weather file
Le Glèbe,No weather features loaded
Bière,Missing weather file
Bière,No weather features loaded
Orsières,Missing weather file
Orsières,No weather features loaded
Schwändi,Missing weather file
Schwändi,No weather features loaded
Lüscherz,Missing weather file
Lüscherz,No weather features loaded
